callsigns,license link,name,FRN,radio service,status,expiration date
L000055853,https://wireless2.fcc.gov/UlsApp/UlsSearch/leaseMain.jsp;JSESSIONID_ULSSEARCH=mzAGcyfSBXKAnfEJcEWYIPF7qYN1asq7OilUCZA2YIA4DiXgI7wW!1649010833!880290370?licKey=4994698,Liberty Mobile Puerto Rico Inc.,0003473709,AD,Active,2025-06-14
L000055854,https://wireless2.fcc.gov/UlsApp/UlsSearch/leaseMain.jsp;JSESSIONID_ULSSEARCH=mzAGcyfSBXKAnfEJcEWYIPF7qYN1asq7OilUCZA2YIA4DiXgI7wW!1649010833!880290370?licKey=4994699,Liberty Mobile Puerto Rico Inc.,0003473709,AD,Active,2025-06-14
T060430001,https://wireless2.fcc.gov/UlsApp/UlsSearch/license.jsp;JSESSIONID_ULSSEARCH=mzAGcyfSBXKAnfEJcEWYIPF7qYN1asq7OilUCZA2YIA4DiXgI7wW!1649010833!880290370?licKey=3453558,Gamma Acquisition L.L.C,0021004817,AD,Active,2033-06-14
T060430002,https://wireless2.fcc.gov/UlsApp/UlsSearch/license.jsp;JSESSIONID_ULSSEARCH=mzAGcyfSBXKAnfEJcEWYIPF7qYN1asq7OilUCZA2YIA4DiXgI7wW!1649010833!880290370?licKey=3453560,Gamma Acquisition L.L.C,0021004817,AD,Active,2033-06-14
T060430003,https://wireless2.fcc.gov/UlsApp/UlsSearch/license.jsp;JSESSIONID_ULSSEARCH=mzAGcyfSBXKAnfEJcEWYIPF7qYN1asq7OilUCZA2YIA4DiXgI7wW!1649010833!880290370?licKey=3453562,Gamma Acquisition L.L.C,0021004817,AD,Active,2033-06-14
T060430004,https://wireless2.fcc.gov/UlsApp/UlsSearch/license.jsp;JSESSIONID_ULSSEARCH=mzAGcyfSBXKAnfEJcEWYIPF7qYN1asq7OilUCZA2YIA4DiXgI7wW!1649010833!880290370?licKey=3453564,Gamma Acquisition L.L.C,0021004817,AD,Active,2033-06-14
T060430005,https://wireless2.fcc.gov/UlsApp/UlsSearch/license.jsp;JSESSIONID_ULSSEARCH=mzAGcyfSBXKAnfEJcEWYIPF7qYN1asq7OilUCZA2YIA4DiXgI7wW!1649010833!880290370?licKey=3453566,Gamma Acquisition L.L.C,0021004817,AD,Active,2033-06-14
T060430006,https://wireless2.fcc.gov/UlsApp/UlsSearch/license.jsp;JSESSIONID_ULSSEARCH=mzAGcyfSBXKAnfEJcEWYIPF7qYN1asq7OilUCZA2YIA4DiXgI7wW!1649010833!880290370?licKey=3453568,Gamma Acquisition L.L.C,0021004817,AD,Active,2033-06-14
T060430007,https://wireless2.fcc.gov/UlsApp/UlsSearch/license.jsp;JSESSIONID_ULSSEARCH=mzAGcyfSBXKAnfEJcEWYIPF7qYN1asq7OilUCZA2YIA4DiXgI7wW!1649010833!880290370?licKey=3453570,Gamma Acquisition L.L.C,0021004817,AD,Active,2033-06-14
T060430008,https://wireless2.fcc.gov/UlsApp/UlsSearch/license.jsp;JSESSIONID_ULSSEARCH=mzAGcyfSBXKAnfEJcEWYIPF7qYN1asq7OilUCZA2YIA4DiXgI7wW!1649010833!880290370?licKey=3453572,Gamma Acquisition L.L.C,0021004817,AD,Active,2033-06-14
T060430009,https://wireless2.fcc.gov/UlsApp/UlsSearch/license.jsp;JSESSIONID_ULSSEARCH=mzAGcyfSBXKAnfEJcEWYIPF7qYN1asq7OilUCZA2YIA4DiXgI7wW!1649010833!880290370?licKey=3453574,Gamma Acquisition L.L.C,0021004817,AD,Active,2033-06-14
T060430010,https://wireless2.fcc.gov/UlsApp/UlsSearch/license.jsp;JSESSIONID_ULSSEARCH=mzAGcyfSBXKAnfEJcEWYIPF7qYN1asq7OilUCZA2YIA4DiXgI7wW!1649010833!880290370?licKey=3453576,Gamma Acquisition L.L.C,0021004817,AD,Active,2033-06-14
T060430011,https://wireless2.fcc.gov/UlsApp/UlsSearch/license.jsp;JSESSIONID_ULSSEARCH=mzAGcyfSBXKAnfEJcEWYIPF7qYN1asq7OilUCZA2YIA4DiXgI7wW!1649010833!880290370?licKey=3453578,Gamma Acquisition L.L.C,0021004817,AD,Active,2033-06-14
T060430012,https://wireless2.fcc.gov/UlsApp/UlsSearch/license.jsp;JSESSIONID_ULSSEARCH=mzAGcyfSBXKAnfEJcEWYIPF7qYN1asq7OilUCZA2YIA4DiXgI7wW!1649010833!880290370?licKey=3453580,Gamma Acquisition L.L.C,0021004817,AD,Active,2033-06-14
T060430013,https://wireless2.fcc.gov/UlsApp/UlsSearch/license.jsp;JSESSIONID_ULSSEARCH=mzAGcyfSBXKAnfEJcEWYIPF7qYN1asq7OilUCZA2YIA4DiXgI7wW!1649010833!880290370?licKey=3453582,Gamma Acquisition L.L.C,0021004817,AD,Active,2033-06-14
T060430014,https://wireless2.fcc.gov/UlsApp/UlsSearch/license.jsp;JSESSIONID_ULSSEARCH=mzAGcyfSBXKAnfEJcEWYIPF7qYN1asq7OilUCZA2YIA4DiXgI7wW!1649010833!880290370?licKey=3453584,Gamma Acquisition L.L.C,0021004817,AD,Active,2033-06-14
T060430015,https://wireless2.fcc.gov/UlsApp/UlsSearch/license.jsp;JSESSIONID_ULSSEARCH=mzAGcyfSBXKAnfEJcEWYIPF7qYN1asq7OilUCZA2YIA4DiXgI7wW!1649010833!880290370?licKey=3453586,Gamma Acquisition L.L.C,0021004817,AD,Active,2033-06-14
T060430016,https://wireless2.fcc.gov/UlsApp/UlsSearch/license.jsp;JSESSIONID_ULSSEARCH=mzAGcyfSBXKAnfEJcEWYIPF7qYN1asq7OilUCZA2YIA4DiXgI7wW!1649010833!880290370?licKey=3453588,Gamma Acquisition L.L.C,0021004817,AD,Active,2033-06-14
T060430017,https://wireless2.fcc.gov/UlsApp/UlsSearch/license.jsp;JSESSIONID_ULSSEARCH=mzAGcyfSBXKAnfEJcEWYIPF7qYN1asq7OilUCZA2YIA4DiXgI7wW!1649010833!880290370?licKey=3453590,Gamma Acquisition L.L.C,0021004817,AD,Active,2033-06-14
T060430018,https://wireless2.fcc.gov/UlsApp/UlsSearch/license.jsp;JSESSIONID_ULSSEARCH=mzAGcyfSBXKAnfEJcEWYIPF7qYN1asq7OilUCZA2YIA4DiXgI7wW!1649010833!880290370?licKey=3453592,Gamma Acquisition L.L.C,0021004817,AD,Active,2033-06-14
T060430019,https://wireless2.fcc.gov/UlsApp/UlsSearch/license.jsp;JSESSIONID_ULSSEARCH=mzAGcyfSBXKAnfEJcEWYIPF7qYN1asq7OilUCZA2YIA4DiXgI7wW!1649010833!880290370?licKey=3453594,Gamma Acquisition L.L.C,0021004817,AD,Active,2033-06-14
T060430020,https://wireless2.fcc.gov/UlsApp/UlsSearch/license.jsp;JSESSIONID_ULSSEARCH=mzAGcyfSBXKAnfEJcEWYIPF7qYN1asq7OilUCZA2YIA4DiXgI7wW!1649010833!880290370?licKey=3453596,Gamma Acquisition L.L.C,0021004817,AD,Active,2033-06-14
T060430021,https://wireless2.fcc.gov/UlsApp/UlsSearch/license.jsp;JSESSIONID_ULSSEARCH=mzAGcyfSBXKAnfEJcEWYIPF7qYN1asq7OilUCZA2YIA4DiXgI7wW!1649010833!880290370?licKey=3453598,Gamma Acquisition L.L.C,0021004817,AD,Active,2033-06-14
T060430022,https://wireless2.fcc.gov/UlsApp/UlsSearch/license.jsp;JSESSIONID_ULSSEARCH=mzAGcyfSBXKAnfEJcEWYIPF7qYN1asq7OilUCZA2YIA4DiXgI7wW!1649010833!880290370?licKey=3453600,Gamma Acquisition L.L.C,0021004817,AD,Active,2033-06-14
T060430023,https://wireless2.fcc.gov/UlsApp/UlsSearch/license.jsp;JSESSIONID_ULSSEARCH=mzAGcyfSBXKAnfEJcEWYIPF7qYN1asq7OilUCZA2YIA4DiXgI7wW!1649010833!880290370?licKey=3453602,Gamma Acquisition L.L.C,0021004817,AD,Active,2033-06-14
T060430024,https://wireless2.fcc.gov/UlsApp/UlsSearch/license.jsp;JSESSIONID_ULSSEARCH=mzAGcyfSBXKAnfEJcEWYIPF7qYN1asq7OilUCZA2YIA4DiXgI7wW!1649010833!880290370?licKey=3453604,Gamma Acquisition L.L.C,0021004817,AD,Active,2033-06-14
T060430025,https://wireless2.fcc.gov/UlsApp/UlsSearch/license.jsp;JSESSIONID_ULSSEARCH=mzAGcyfSBXKAnfEJcEWYIPF7qYN1asq7OilUCZA2YIA4DiXgI7wW!1649010833!880290370?licKey=3453606,Gamma Acquisition L.L.C,0021004817,AD,Active,2033-06-14
T060430026,https://wireless2.fcc.gov/UlsApp/UlsSearch/license.jsp;JSESSIONID_ULSSEARCH=mzAGcyfSBXKAnfEJcEWYIPF7qYN1asq7OilUCZA2YIA4DiXgI7wW!1649010833!880290370?licKey=3453608,Gamma Acquisition L.L.C,0021004817,AD,Active,2033-06-14
T060430027,https://wireless2.fcc.gov/UlsApp/UlsSearch/license.jsp;JSESSIONID_ULSSEARCH=mzAGcyfSBXKAnfEJcEWYIPF7qYN1asq7OilUCZA2YIA4DiXgI7wW!1649010833!880290370?licKey=3453610,Gamma Acquisition L.L.C,0021004817,AD,Active,2033-06-14
T060430028,https://wireless2.fcc.gov/UlsApp/UlsSearch/license.jsp;JSESSIONID_ULSSEARCH=mzAGcyfSBXKAnfEJcEWYIPF7qYN1asq7OilUCZA2YIA4DiXgI7wW!1649010833!880290370?licKey=3453612,Gamma Acquisition L.L.C,0021004817,AD,Active,2033-06-14
T060430029,https://wireless2.fcc.gov/UlsApp/UlsSearch/license.jsp;JSESSIONID_ULSSEARCH=mzAGcyfSBXKAnfEJcEWYIPF7qYN1asq7OilUCZA2YIA4DiXgI7wW!1649010833!880290370?licKey=3453614,Gamma Acquisition L.L.C,0021004817,AD,Active,2033-06-14
T060430030,https://wireless2.fcc.gov/UlsApp/UlsSearch/license.jsp;JSESSIONID_ULSSEARCH=mzAGcyfSBXKAnfEJcEWYIPF7qYN1asq7OilUCZA2YIA4DiXgI7wW!1649010833!880290370?licKey=3453616,Gamma Acquisition L.L.C,0021004817,AD,Active,2033-06-14
T060430031,https://wireless2.fcc.gov/UlsApp/UlsSearch/license.jsp;JSESSIONID_ULSSEARCH=mzAGcyfSBXKAnfEJcEWYIPF7qYN1asq7OilUCZA2YIA4DiXgI7wW!1649010833!880290370?licKey=3453618,Gamma Acquisition L.L.C,0021004817,AD,Active,2033-06-14
T060430032,https://wireless2.fcc.gov/UlsApp/UlsSearch/license.jsp;JSESSIONID_ULSSEARCH=mzAGcyfSBXKAnfEJcEWYIPF7qYN1asq7OilUCZA2YIA4DiXgI7wW!1649010833!880290370?licKey=3453620,Gamma Acquisition L.L.C,0021004817,AD,Active,2033-06-14
T060430033,https://wireless2.fcc.gov/UlsApp/UlsSearch/license.jsp;JSESSIONID_ULSSEARCH=mzAGcyfSBXKAnfEJcEWYIPF7qYN1asq7OilUCZA2YIA4DiXgI7wW!1649010833!880290370?licKey=3453622,Gamma Acquisition L.L.C,0021004817,AD,Active,2033-06-14
T060430034,https://wireless2.fcc.gov/UlsApp/UlsSearch/license.jsp;JSESSIONID_ULSSEARCH=mzAGcyfSBXKAnfEJcEWYIPF7qYN1asq7OilUCZA2YIA4DiXgI7wW!1649010833!880290370?licKey=3453624,Gamma Acquisition L.L.C,0021004817,AD,Active,2033-06-14
T060430035,https://wireless2.fcc.gov/UlsApp/UlsSearch/license.jsp;JSESSIONID_ULSSEARCH=mzAGcyfSBXKAnfEJcEWYIPF7qYN1asq7OilUCZA2YIA4DiXgI7wW!1649010833!880290370?licKey=3453626,Gamma Acquisition L.L.C,0021004817,AD,Active,2033-06-14
T060430036,https://wireless2.fcc.gov/UlsApp/UlsSearch/license.jsp;JSESSIONID_ULSSEARCH=mzAGcyfSBXKAnfEJcEWYIPF7qYN1asq7OilUCZA2YIA4DiXgI7wW!1649010833!880290370?licKey=3453628,Gamma Acquisition L.L.C,0021004817,AD,Active,2033-06-14
T060430037,https://wireless2.fcc.gov/UlsApp/UlsSearch/license.jsp;JSESSIONID_ULSSEARCH=mzAGcyfSBXKAnfEJcEWYIPF7qYN1asq7OilUCZA2YIA4DiXgI7wW!1649010833!880290370?licKey=3453630,Gamma Acquisition L.L.C,0021004817,AD,Active,2033-06-14
T060430038,https://wireless2.fcc.gov/UlsApp/UlsSearch/license.jsp;JSESSIONID_ULSSEARCH=mzAGcyfSBXKAnfEJcEWYIPF7qYN1asq7OilUCZA2YIA4DiXgI7wW!1649010833!880290370?licKey=3453632,Gamma Acquisition L.L.C,0021004817,AD,Active,2033-06-14
T060430039,https://wireless2.fcc.gov/UlsApp/UlsSearch/license.jsp;JSESSIONID_ULSSEARCH=mzAGcyfSBXKAnfEJcEWYIPF7qYN1asq7OilUCZA2YIA4DiXgI7wW!1649010833!880290370?licKey=3453634,Gamma Acquisition L.L.C,0021004817,AD,Active,2033-06-14
T060430040,https://wireless2.fcc.gov/UlsApp/UlsSearch/license.jsp;JSESSIONID_ULSSEARCH=mzAGcyfSBXKAnfEJcEWYIPF7qYN1asq7OilUCZA2YIA4DiXgI7wW!1649010833!880290370?licKey=3453636,Gamma Acquisition L.L.C,0021004817,AD,Active,2033-06-14
T060430041,https://wireless2.fcc.gov/UlsApp/UlsSearch/license.jsp;JSESSIONID_ULSSEARCH=mzAGcyfSBXKAnfEJcEWYIPF7qYN1asq7OilUCZA2YIA4DiXgI7wW!1649010833!880290370?licKey=3453638,Gamma Acquisition L.L.C,0021004817,AD,Active,2033-06-14
T060430042,https://wireless2.fcc.gov/UlsApp/UlsSearch/license.jsp;JSESSIONID_ULSSEARCH=mzAGcyfSBXKAnfEJcEWYIPF7qYN1asq7OilUCZA2YIA4DiXgI7wW!1649010833!880290370?licKey=3453640,Gamma Acquisition L.L.C,0021004817,AD,Active,2033-06-14
T060430043,https://wireless2.fcc.gov/UlsApp/UlsSearch/license.jsp;JSESSIONID_ULSSEARCH=mzAGcyfSBXKAnfEJcEWYIPF7qYN1asq7OilUCZA2YIA4DiXgI7wW!1649010833!880290370?licKey=3453642,Gamma Acquisition L.L.C,0021004817,AD,Active,2033-06-14
T060430044,https://wireless2.fcc.gov/UlsApp/UlsSearch/license.jsp;JSESSIONID_ULSSEARCH=mzAGcyfSBXKAnfEJcEWYIPF7qYN1asq7OilUCZA2YIA4DiXgI7wW!1649010833!880290370?licKey=3453644,Gamma Acquisition L.L.C,0021004817,AD,Active,2033-06-14
T060430045,https://wireless2.fcc.gov/UlsApp/UlsSearch/license.jsp;JSESSIONID_ULSSEARCH=mzAGcyfSBXKAnfEJcEWYIPF7qYN1asq7OilUCZA2YIA4DiXgI7wW!1649010833!880290370?licKey=3453646,Gamma Acquisition L.L.C.,0021004817,AD,Active,2033-06-14
T060430046,https://wireless2.fcc.gov/UlsApp/UlsSearch/license.jsp;JSESSIONID_ULSSEARCH=mzAGcyfSBXKAnfEJcEWYIPF7qYN1asq7OilUCZA2YIA4DiXgI7wW!1649010833!880290370?licKey=3453648,Gamma Acquisition L.L.C.,0021004817,AD,Active,2033-06-14
T060430047,https://wireless2.fcc.gov/UlsApp/UlsSearch/license.jsp;JSESSIONID_ULSSEARCH=mzAGcyfSBXKAnfEJcEWYIPF7qYN1asq7OilUCZA2YIA4DiXgI7wW!1649010833!880290370?licKey=3453650,Gamma Acquisition L.L.C.,0021004817,AD,Active,2033-06-14
T060430048,https://wireless2.fcc.gov/UlsApp/UlsSearch/license.jsp;JSESSIONID_ULSSEARCH=mzAGcyfSBXKAnfEJcEWYIPF7qYN1asq7OilUCZA2YIA4DiXgI7wW!1649010833!880290370?licKey=3453652,Gamma Acquisition L.L.C.,0021004817,AD,Active,2033-06-14
T060430049,https://wireless2.fcc.gov/UlsApp/UlsSearch/license.jsp;JSESSIONID_ULSSEARCH=mzAGcyfSBXKAnfEJcEWYIPF7qYN1asq7OilUCZA2YIA4DiXgI7wW!1649010833!880290370?licKey=3453654,Gamma Acquisition L.L.C.,0021004817,AD,Active,2033-06-14
T060430050,https://wireless2.fcc.gov/UlsApp/UlsSearch/license.jsp;JSESSIONID_ULSSEARCH=mzAGcyfSBXKAnfEJcEWYIPF7qYN1asq7OilUCZA2YIA4DiXgI7wW!1649010833!880290370?licKey=3453656,Gamma Acquisition L.L.C.,0021004817,AD,Active,2033-06-14
T060430051,https://wireless2.fcc.gov/UlsApp/UlsSearch/license.jsp;JSESSIONID_ULSSEARCH=mzAGcyfSBXKAnfEJcEWYIPF7qYN1asq7OilUCZA2YIA4DiXgI7wW!1649010833!880290370?licKey=3453658,Gamma Acquisition L.L.C.,0021004817,AD,Active,2033-06-14
T060430052,https://wireless2.fcc.gov/UlsApp/UlsSearch/license.jsp;JSESSIONID_ULSSEARCH=mzAGcyfSBXKAnfEJcEWYIPF7qYN1asq7OilUCZA2YIA4DiXgI7wW!1649010833!880290370?licKey=3453660,Gamma Acquisition L.L.C.,0021004817,AD,Active,2033-06-14
T060430053,https://wireless2.fcc.gov/UlsApp/UlsSearch/license.jsp;JSESSIONID_ULSSEARCH=mzAGcyfSBXKAnfEJcEWYIPF7qYN1asq7OilUCZA2YIA4DiXgI7wW!1649010833!880290370?licKey=3453662,Gamma Acquisition L.L.C.,0021004817,AD,Active,2033-06-14
T060430054,https://wireless2.fcc.gov/UlsApp/UlsSearch/license.jsp;JSESSIONID_ULSSEARCH=mzAGcyfSBXKAnfEJcEWYIPF7qYN1asq7OilUCZA2YIA4DiXgI7wW!1649010833!880290370?licKey=3453664,Gamma Acquisition L.L.C.,0021004817,AD,Active,2033-06-14
T060430055,https://wireless2.fcc.gov/UlsApp/UlsSearch/license.jsp;JSESSIONID_ULSSEARCH=mzAGcyfSBXKAnfEJcEWYIPF7qYN1asq7OilUCZA2YIA4DiXgI7wW!1649010833!880290370?licKey=3453666,Gamma Acquisition L.L.C.,0021004817,AD,Active,2033-06-14
T060430056,https://wireless2.fcc.gov/UlsApp/UlsSearch/license.jsp;JSESSIONID_ULSSEARCH=mzAGcyfSBXKAnfEJcEWYIPF7qYN1asq7OilUCZA2YIA4DiXgI7wW!1649010833!880290370?licKey=3453668,Gamma Acquisition L.L.C.,0021004817,AD,Active,2033-06-14
T060430057,https://wireless2.fcc.gov/UlsApp/UlsSearch/license.jsp;JSESSIONID_ULSSEARCH=mzAGcyfSBXKAnfEJcEWYIPF7qYN1asq7OilUCZA2YIA4DiXgI7wW!1649010833!880290370?licKey=3453670,Gamma Acquisition L.L.C.,0021004817,AD,Active,2033-06-14
T060430058,https://wireless2.fcc.gov/UlsApp/UlsSearch/license.jsp;JSESSIONID_ULSSEARCH=mzAGcyfSBXKAnfEJcEWYIPF7qYN1asq7OilUCZA2YIA4DiXgI7wW!1649010833!880290370?licKey=3453672,Gamma Acquisition L.L.C.,0021004817,AD,Active,2033-06-14
T060430059,https://wireless2.fcc.gov/UlsApp/UlsSearch/license.jsp;JSESSIONID_ULSSEARCH=mzAGcyfSBXKAnfEJcEWYIPF7qYN1asq7OilUCZA2YIA4DiXgI7wW!1649010833!880290370?licKey=3453674,Gamma Acquisition L.L.C.,0021004817,AD,Active,2033-06-14
T060430060,https://wireless2.fcc.gov/UlsApp/UlsSearch/license.jsp;JSESSIONID_ULSSEARCH=mzAGcyfSBXKAnfEJcEWYIPF7qYN1asq7OilUCZA2YIA4DiXgI7wW!1649010833!880290370?licKey=3453676,Gamma Acquisition L.L.C.,0021004817,AD,Active,2033-06-14
T060430061,https://wireless2.fcc.gov/UlsApp/UlsSearch/license.jsp;JSESSIONID_ULSSEARCH=mzAGcyfSBXKAnfEJcEWYIPF7qYN1asq7OilUCZA2YIA4DiXgI7wW!1649010833!880290370?licKey=3453678,Gamma Acquisition L.L.C.,0021004817,AD,Active,2033-06-14
T060430062,https://wireless2.fcc.gov/UlsApp/UlsSearch/license.jsp;JSESSIONID_ULSSEARCH=mzAGcyfSBXKAnfEJcEWYIPF7qYN1asq7OilUCZA2YIA4DiXgI7wW!1649010833!880290370?licKey=3453680,Gamma Acquisition L.L.C.,0021004817,AD,Active,2033-06-14
T060430063,https://wireless2.fcc.gov/UlsApp/UlsSearch/license.jsp;JSESSIONID_ULSSEARCH=mzAGcyfSBXKAnfEJcEWYIPF7qYN1asq7OilUCZA2YIA4DiXgI7wW!1649010833!880290370?licKey=3453682,Gamma Acquisition L.L.C.,0021004817,AD,Active,2033-06-14
T060430064,https://wireless2.fcc.gov/UlsApp/UlsSearch/license.jsp;JSESSIONID_ULSSEARCH=mzAGcyfSBXKAnfEJcEWYIPF7qYN1asq7OilUCZA2YIA4DiXgI7wW!1649010833!880290370?licKey=3453684,Gamma Acquisition L.L.C.,0021004817,AD,Active,2033-06-14
T060430065,https://wireless2.fcc.gov/UlsApp/UlsSearch/license.jsp;JSESSIONID_ULSSEARCH=mzAGcyfSBXKAnfEJcEWYIPF7qYN1asq7OilUCZA2YIA4DiXgI7wW!1649010833!880290370?licKey=3453686,Gamma Acquisition L.L.C.,0021004817,AD,Active,2033-06-14
T060430066,https://wireless2.fcc.gov/UlsApp/UlsSearch/license.jsp;JSESSIONID_ULSSEARCH=mzAGcyfSBXKAnfEJcEWYIPF7qYN1asq7OilUCZA2YIA4DiXgI7wW!1649010833!880290370?licKey=3453688,Gamma Acquisition L.L.C.,0021004817,AD,Active,2033-06-14
T060430067,https://wireless2.fcc.gov/UlsApp/UlsSearch/license.jsp;JSESSIONID_ULSSEARCH=mzAGcyfSBXKAnfEJcEWYIPF7qYN1asq7OilUCZA2YIA4DiXgI7wW!1649010833!880290370?licKey=3453690,Gamma Acquisition L.L.C.,0021004817,AD,Active,2033-06-14
T060430068,https://wireless2.fcc.gov/UlsApp/UlsSearch/license.jsp;JSESSIONID_ULSSEARCH=mzAGcyfSBXKAnfEJcEWYIPF7qYN1asq7OilUCZA2YIA4DiXgI7wW!1649010833!880290370?licKey=3453692,Gamma Acquisition L.L.C.,0021004817,AD,Active,2033-06-14
T060430069,https://wireless2.fcc.gov/UlsApp/UlsSearch/license.jsp;JSESSIONID_ULSSEARCH=mzAGcyfSBXKAnfEJcEWYIPF7qYN1asq7OilUCZA2YIA4DiXgI7wW!1649010833!880290370?licKey=3453694,Gamma Acquisition L.L.C.,0021004817,AD,Active,2033-06-14
T060430070,https://wireless2.fcc.gov/UlsApp/UlsSearch/license.jsp;JSESSIONID_ULSSEARCH=mzAGcyfSBXKAnfEJcEWYIPF7qYN1asq7OilUCZA2YIA4DiXgI7wW!1649010833!880290370?licKey=3453696,Gamma Acquisition L.L.C.,0021004817,AD,Active,2033-06-14
T060430071,https://wireless2.fcc.gov/UlsApp/UlsSearch/license.jsp;JSESSIONID_ULSSEARCH=mzAGcyfSBXKAnfEJcEWYIPF7qYN1asq7OilUCZA2YIA4DiXgI7wW!1649010833!880290370?licKey=3453698,Gamma Acquisition L.L.C.,0021004817,AD,Active,2033-06-14
T060430072,https://wireless2.fcc.gov/UlsApp/UlsSearch/license.jsp;JSESSIONID_ULSSEARCH=mzAGcyfSBXKAnfEJcEWYIPF7qYN1asq7OilUCZA2YIA4DiXgI7wW!1649010833!880290370?licKey=3453700,Gamma Acquisition L.L.C.,0021004817,AD,Active,2033-06-14
T060430073,https://wireless2.fcc.gov/UlsApp/UlsSearch/license.jsp;JSESSIONID_ULSSEARCH=mzAGcyfSBXKAnfEJcEWYIPF7qYN1asq7OilUCZA2YIA4DiXgI7wW!1649010833!880290370?licKey=3453702,Gamma Acquisition L.L.C.,0021004817,AD,Active,2033-06-14
T060430074,https://wireless2.fcc.gov/UlsApp/UlsSearch/license.jsp;JSESSIONID_ULSSEARCH=mzAGcyfSBXKAnfEJcEWYIPF7qYN1asq7OilUCZA2YIA4DiXgI7wW!1649010833!880290370?licKey=3453704,Gamma Acquisition L.L.C.,0021004817,AD,Active,2033-06-14
T060430075,https://wireless2.fcc.gov/UlsApp/UlsSearch/license.jsp;JSESSIONID_ULSSEARCH=mzAGcyfSBXKAnfEJcEWYIPF7qYN1asq7OilUCZA2YIA4DiXgI7wW!1649010833!880290370?licKey=3453706,Gamma Acquisition L.L.C.,0021004817,AD,Active,2033-06-14
T060430076,https://wireless2.fcc.gov/UlsApp/UlsSearch/license.jsp;JSESSIONID_ULSSEARCH=mzAGcyfSBXKAnfEJcEWYIPF7qYN1asq7OilUCZA2YIA4DiXgI7wW!1649010833!880290370?licKey=3453708,Gamma Acquisition L.L.C.,0021004817,AD,Active,2033-06-14
T060430077,https://wireless2.fcc.gov/UlsApp/UlsSearch/license.jsp;JSESSIONID_ULSSEARCH=mzAGcyfSBXKAnfEJcEWYIPF7qYN1asq7OilUCZA2YIA4DiXgI7wW!1649010833!880290370?licKey=3453710,Gamma Acquisition L.L.C.,0021004817,AD,Active,2033-06-14
T060430078,https://wireless2.fcc.gov/UlsApp/UlsSearch/license.jsp;JSESSIONID_ULSSEARCH=mzAGcyfSBXKAnfEJcEWYIPF7qYN1asq7OilUCZA2YIA4DiXgI7wW!1649010833!880290370?licKey=3453712,Gamma Acquisition L.L.C.,0021004817,AD,Active,2033-06-14
T060430079,https://wireless2.fcc.gov/UlsApp/UlsSearch/license.jsp;JSESSIONID_ULSSEARCH=mzAGcyfSBXKAnfEJcEWYIPF7qYN1asq7OilUCZA2YIA4DiXgI7wW!1649010833!880290370?licKey=3453714,Gamma Acquisition L.L.C.,0021004817,AD,Active,2033-06-14
T060430080,https://wireless2.fcc.gov/UlsApp/UlsSearch/license.jsp;JSESSIONID_ULSSEARCH=mzAGcyfSBXKAnfEJcEWYIPF7qYN1asq7OilUCZA2YIA4DiXgI7wW!1649010833!880290370?licKey=3453716,Gamma Acquisition L.L.C.,0021004817,AD,Active,2033-06-14
T060430081,https://wireless2.fcc.gov/UlsApp/UlsSearch/license.jsp;JSESSIONID_ULSSEARCH=mzAGcyfSBXKAnfEJcEWYIPF7qYN1asq7OilUCZA2YIA4DiXgI7wW!1649010833!880290370?licKey=3453718,Gamma Acquisition L.L.C.,0021004817,AD,Active,2033-06-14
T060430082,https://wireless2.fcc.gov/UlsApp/UlsSearch/license.jsp;JSESSIONID_ULSSEARCH=mzAGcyfSBXKAnfEJcEWYIPF7qYN1asq7OilUCZA2YIA4DiXgI7wW!1649010833!880290370?licKey=3453720,Gamma Acquisition L.L.C.,0021004817,AD,Active,2033-06-14
T060430083,https://wireless2.fcc.gov/UlsApp/UlsSearch/license.jsp;JSESSIONID_ULSSEARCH=mzAGcyfSBXKAnfEJcEWYIPF7qYN1asq7OilUCZA2YIA4DiXgI7wW!1649010833!880290370?licKey=3453722,Gamma Acquisition L.L.C.,0021004817,AD,Active,2033-06-14
T060430084,https://wireless2.fcc.gov/UlsApp/UlsSearch/license.jsp;JSESSIONID_ULSSEARCH=mzAGcyfSBXKAnfEJcEWYIPF7qYN1asq7OilUCZA2YIA4DiXgI7wW!1649010833!880290370?licKey=3453724,Gamma Acquisition L.L.C.,0021004817,AD,Active,2033-06-14
T060430085,https://wireless2.fcc.gov/UlsApp/UlsSearch/license.jsp;JSESSIONID_ULSSEARCH=mzAGcyfSBXKAnfEJcEWYIPF7qYN1asq7OilUCZA2YIA4DiXgI7wW!1649010833!880290370?licKey=3453726,Gamma Acquisition L.L.C.,0021004817,AD,Active,2033-06-14
T060430086,https://wireless2.fcc.gov/UlsApp/UlsSearch/license.jsp;JSESSIONID_ULSSEARCH=mzAGcyfSBXKAnfEJcEWYIPF7qYN1asq7OilUCZA2YIA4DiXgI7wW!1649010833!880290370?licKey=3453728,Gamma Acquisition L.L.C.,0021004817,AD,Active,2033-06-14
T060430087,https://wireless2.fcc.gov/UlsApp/UlsSearch/license.jsp;JSESSIONID_ULSSEARCH=mzAGcyfSBXKAnfEJcEWYIPF7qYN1asq7OilUCZA2YIA4DiXgI7wW!1649010833!880290370?licKey=3453730,Gamma Acquisition L.L.C.,0021004817,AD,Active,2033-06-14
T060430088,https://wireless2.fcc.gov/UlsApp/UlsSearch/license.jsp;JSESSIONID_ULSSEARCH=mzAGcyfSBXKAnfEJcEWYIPF7qYN1asq7OilUCZA2YIA4DiXgI7wW!1649010833!880290370?licKey=3453732,Gamma Acquisition L.L.C.,0021004817,AD,Active,2033-06-14
T060430089,https://wireless2.fcc.gov/UlsApp/UlsSearch/license.jsp;JSESSIONID_ULSSEARCH=mzAGcyfSBXKAnfEJcEWYIPF7qYN1asq7OilUCZA2YIA4DiXgI7wW!1649010833!880290370?licKey=3453734,Gamma Acquisition L.L.C.,0021004817,AD,Active,2033-06-14
T060430090,https://wireless2.fcc.gov/UlsApp/UlsSearch/license.jsp;JSESSIONID_ULSSEARCH=mzAGcyfSBXKAnfEJcEWYIPF7qYN1asq7OilUCZA2YIA4DiXgI7wW!1649010833!880290370?licKey=3453736,Gamma Acquisition L.L.C.,0021004817,AD,Active,2033-06-14
T060430091,https://wireless2.fcc.gov/UlsApp/UlsSearch/license.jsp;JSESSIONID_ULSSEARCH=mzAGcyfSBXKAnfEJcEWYIPF7qYN1asq7OilUCZA2YIA4DiXgI7wW!1649010833!880290370?licKey=3453738,Gamma Acquisition L.L.C.,0021004817,AD,Active,2033-06-14
T060430092,https://wireless2.fcc.gov/UlsApp/UlsSearch/license.jsp;JSESSIONID_ULSSEARCH=mzAGcyfSBXKAnfEJcEWYIPF7qYN1asq7OilUCZA2YIA4DiXgI7wW!1649010833!880290370?licKey=3453740,Gamma Acquisition L.L.C.,0021004817,AD,Active,2033-06-14
T060430093,https://wireless2.fcc.gov/UlsApp/UlsSearch/license.jsp;JSESSIONID_ULSSEARCH=mzAGcyfSBXKAnfEJcEWYIPF7qYN1asq7OilUCZA2YIA4DiXgI7wW!1649010833!880290370?licKey=3453742,Gamma Acquisition L.L.C.,0021004817,AD,Active,2033-06-14
T060430094,https://wireless2.fcc.gov/UlsApp/UlsSearch/license.jsp;JSESSIONID_ULSSEARCH=mzAGcyfSBXKAnfEJcEWYIPF7qYN1asq7OilUCZA2YIA4DiXgI7wW!1649010833!880290370?licKey=3453744,Gamma Acquisition L.L.C.,0021004817,AD,Active,2033-06-14
T060430095,https://wireless2.fcc.gov/UlsApp/UlsSearch/license.jsp;JSESSIONID_ULSSEARCH=mzAGcyfSBXKAnfEJcEWYIPF7qYN1asq7OilUCZA2YIA4DiXgI7wW!1649010833!880290370?licKey=3453746,Gamma Acquisition L.L.C.,0021004817,AD,Active,2033-06-14
T060430096,https://wireless2.fcc.gov/UlsApp/UlsSearch/license.jsp;JSESSIONID_ULSSEARCH=mzAGcyfSBXKAnfEJcEWYIPF7qYN1asq7OilUCZA2YIA4DiXgI7wW!1649010833!880290370?licKey=3453748,Gamma Acquisition L.L.C.,0021004817,AD,Active,2033-06-14
T060430097,https://wireless2.fcc.gov/UlsApp/UlsSearch/license.jsp;JSESSIONID_ULSSEARCH=mzAGcyfSBXKAnfEJcEWYIPF7qYN1asq7OilUCZA2YIA4DiXgI7wW!1649010833!880290370?licKey=3453750,Gamma Acquisition L.L.C.,0021004817,AD,Active,2033-06-14
T060430098,https://wireless2.fcc.gov/UlsApp/UlsSearch/license.jsp;JSESSIONID_ULSSEARCH=mzAGcyfSBXKAnfEJcEWYIPF7qYN1asq7OilUCZA2YIA4DiXgI7wW!1649010833!880290370?licKey=3453752,Gamma Acquisition L.L.C.,0021004817,AD,Active,2033-06-14
T060430099,https://wireless2.fcc.gov/UlsApp/UlsSearch/license.jsp?licKey=3453754,Gamma Acquisition L.L.C.,0021004817,AD,Active,2033-06-14
T060430100,https://wireless2.fcc.gov/UlsApp/UlsSearch/license.jsp?licKey=3453756,Gamma Acquisition L.L.C.,0021004817,AD,Active,2033-06-14
T060430101,https://wireless2.fcc.gov/UlsApp/UlsSearch/license.jsp?licKey=3453758,Gamma Acquisition L.L.C.,0021004817,AD,Active,2033-06-14
T060430102,https://wireless2.fcc.gov/UlsApp/UlsSearch/license.jsp?licKey=3453760,Gamma Acquisition L.L.C.,0021004817,AD,Active,2033-06-14
T060430103,https://wireless2.fcc.gov/UlsApp/UlsSearch/license.jsp?licKey=3453762,Gamma Acquisition L.L.C.,0021004817,AD,Active,2033-06-14
T060430104,https://wireless2.fcc.gov/UlsApp/UlsSearch/license.jsp?licKey=3453764,Gamma Acquisition L.L.C.,0021004817,AD,Active,2033-06-14
T060430105,https://wireless2.fcc.gov/UlsApp/UlsSearch/license.jsp?licKey=3453766,Gamma Acquisition L.L.C.,0021004817,AD,Active,2033-06-14
T060430106,https://wireless2.fcc.gov/UlsApp/UlsSearch/license.jsp?licKey=3453768,Gamma Acquisition L.L.C.,0021004817,AD,Active,2033-06-14
T060430107,https://wireless2.fcc.gov/UlsApp/UlsSearch/license.jsp?licKey=3453770,Gamma Acquisition L.L.C.,0021004817,AD,Active,2033-06-14
T060430108,https://wireless2.fcc.gov/UlsApp/UlsSearch/license.jsp?licKey=3453772,Gamma Acquisition L.L.C.,0021004817,AD,Active,2033-06-14
T060430109,https://wireless2.fcc.gov/UlsApp/UlsSearch/license.jsp?licKey=3453774,Gamma Acquisition L.L.C.,0021004817,AD,Active,2033-06-14
T060430110,https://wireless2.fcc.gov/UlsApp/UlsSearch/license.jsp?licKey=3453776,Gamma Acquisition L.L.C.,0021004817,AD,Active,2033-06-14
T060430111,https://wireless2.fcc.gov/UlsApp/UlsSearch/license.jsp?licKey=3453778,Gamma Acquisition L.L.C.,0021004817,AD,Active,2033-06-14
T060430112,https://wireless2.fcc.gov/UlsApp/UlsSearch/license.jsp?licKey=3453780,Gamma Acquisition L.L.C.,0021004817,AD,Active,2033-06-14
T060430113,https://wireless2.fcc.gov/UlsApp/UlsSearch/license.jsp?licKey=3453782,Gamma Acquisition L.L.C.,0021004817,AD,Active,2033-06-14
T060430114,https://wireless2.fcc.gov/UlsApp/UlsSearch/license.jsp?licKey=3453784,Gamma Acquisition L.L.C.,0021004817,AD,Active,2033-06-14
T060430115,https://wireless2.fcc.gov/UlsApp/UlsSearch/license.jsp?licKey=3453786,Gamma Acquisition L.L.C.,0021004817,AD,Active,2033-06-14
T060430116,https://wireless2.fcc.gov/UlsApp/UlsSearch/license.jsp?licKey=3453788,Gamma Acquisition L.L.C.,0021004817,AD,Active,2033-06-14
T060430117,https://wireless2.fcc.gov/UlsApp/UlsSearch/license.jsp?licKey=3453790,Gamma Acquisition L.L.C.,0021004817,AD,Active,2033-06-14
T060430118,https://wireless2.fcc.gov/UlsApp/UlsSearch/license.jsp?licKey=3453792,Gamma Acquisition L.L.C.,0021004817,AD,Active,2033-06-14
T060430119,https://wireless2.fcc.gov/UlsApp/UlsSearch/license.jsp?licKey=3453794,Gamma Acquisition L.L.C.,0021004817,AD,Active,2033-06-14
T060430120,https://wireless2.fcc.gov/UlsApp/UlsSearch/license.jsp?licKey=3453796,Gamma Acquisition L.L.C.,0021004817,AD,Active,2033-06-14
T060430121,https://wireless2.fcc.gov/UlsApp/UlsSearch/license.jsp?licKey=3453798,Gamma Acquisition L.L.C.,0021004817,AD,Active,2033-06-14
T060430122,https://wireless2.fcc.gov/UlsApp/UlsSearch/license.jsp?licKey=3453800,Gamma Acquisition L.L.C.,0021004817,AD,Active,2033-06-14
T060430123,https://wireless2.fcc.gov/UlsApp/UlsSearch/license.jsp?licKey=3453802,Gamma Acquisition L.L.C.,0021004817,AD,Active,2033-06-14
T060430124,https://wireless2.fcc.gov/UlsApp/UlsSearch/license.jsp?licKey=3453804,Gamma Acquisition L.L.C.,0021004817,AD,Active,2033-06-14
T060430125,https://wireless2.fcc.gov/UlsApp/UlsSearch/license.jsp?licKey=3453806,Gamma Acquisition L.L.C.,0021004817,AD,Active,2033-06-14
T060430126,https://wireless2.fcc.gov/UlsApp/UlsSearch/license.jsp?licKey=3453808,Gamma Acquisition L.L.C.,0021004817,AD,Active,2033-06-14
T060430127,https://wireless2.fcc.gov/UlsApp/UlsSearch/license.jsp?licKey=3453810,Gamma Acquisition L.L.C.,0021004817,AD,Active,2033-06-14
T060430128,https://wireless2.fcc.gov/UlsApp/UlsSearch/license.jsp?licKey=3453812,Gamma Acquisition L.L.C.,0021004817,AD,Active,2033-06-14
T060430129,https://wireless2.fcc.gov/UlsApp/UlsSearch/license.jsp?licKey=3453814,Gamma Acquisition L.L.C.,0021004817,AD,Active,2033-06-14
T060430130,https://wireless2.fcc.gov/UlsApp/UlsSearch/license.jsp?licKey=3453816,Gamma Acquisition L.L.C.,0021004817,AD,Active,2033-06-14
T060430131,https://wireless2.fcc.gov/UlsApp/UlsSearch/license.jsp?licKey=3453818,Gamma Acquisition L.L.C.,0021004817,AD,Active,2033-06-14
T060430132,https://wireless2.fcc.gov/UlsApp/UlsSearch/license.jsp?licKey=3453820,Gamma Acquisition L.L.C.,0021004817,AD,Active,2033-06-14
T060430133,https://wireless2.fcc.gov/UlsApp/UlsSearch/license.jsp?licKey=3453822,Gamma Acquisition L.L.C.,0021004817,AD,Active,2033-06-14
T060430134,https://wireless2.fcc.gov/UlsApp/UlsSearch/license.jsp?licKey=3453824,Gamma Acquisition L.L.C.,0021004817,AD,Active,2033-06-14
T060430135,https://wireless2.fcc.gov/UlsApp/UlsSearch/license.jsp?licKey=3453826,Gamma Acquisition L.L.C.,0021004817,AD,Active,2033-06-14
T060430136,https://wireless2.fcc.gov/UlsApp/UlsSearch/license.jsp?licKey=3453828,Gamma Acquisition L.L.C.,0021004817,AD,Active,2033-06-14
T060430137,https://wireless2.fcc.gov/UlsApp/UlsSearch/license.jsp?licKey=3453830,Gamma Acquisition L.L.C.,0021004817,AD,Active,2033-06-14
T060430138,https://wireless2.fcc.gov/UlsApp/UlsSearch/license.jsp?licKey=3453832,Gamma Acquisition L.L.C.,0021004817,AD,Active,2033-06-14
T060430139,https://wireless2.fcc.gov/UlsApp/UlsSearch/license.jsp?licKey=3453834,Gamma Acquisition L.L.C.,0021004817,AD,Active,2033-06-14
T060430140,https://wireless2.fcc.gov/UlsApp/UlsSearch/license.jsp?licKey=3453836,Gamma Acquisition L.L.C.,0021004817,AD,Active,2033-06-14
T060430141,https://wireless2.fcc.gov/UlsApp/UlsSearch/license.jsp?licKey=3453838,Gamma Acquisition L.L.C.,0021004817,AD,Active,2033-06-14
T060430142,https://wireless2.fcc.gov/UlsApp/UlsSearch/license.jsp?licKey=3453840,Gamma Acquisition L.L.C.,0021004817,AD,Active,2033-06-14
T060430143,https://wireless2.fcc.gov/UlsApp/UlsSearch/license.jsp?licKey=3453842,Gamma Acquisition L.L.C.,0021004817,AD,Active,2033-06-14
T060430144,https://wireless2.fcc.gov/UlsApp/UlsSearch/license.jsp?licKey=3453844,Gamma Acquisition L.L.C.,0021004817,AD,Active,2033-06-14
T060430145,https://wireless2.fcc.gov/UlsApp/UlsSearch/license.jsp?licKey=3453846,Gamma Acquisition L.L.C.,0021004817,AD,Active,2033-06-14
T060430146,https://wireless2.fcc.gov/UlsApp/UlsSearch/license.jsp?licKey=3453848,Gamma Acquisition L.L.C.,0021004817,AD,Active,2033-06-14
T060430147,https://wireless2.fcc.gov/UlsApp/UlsSearch/license.jsp?licKey=3453850,Gamma Acquisition L.L.C.,0021004817,AD,Active,2033-06-14
T060430148,https://wireless2.fcc.gov/UlsApp/UlsSearch/license.jsp?licKey=3453852,Gamma Acquisition L.L.C.,0021004817,AD,Active,2033-06-14
T060430149,https://wireless2.fcc.gov/UlsApp/UlsSearch/license.jsp?licKey=3453854,Gamma Acquisition L.L.C.,0021004817,AD,Active,2033-06-14
T060430150,https://wireless2.fcc.gov/UlsApp/UlsSearch/license.jsp?licKey=3453856,Gamma Acquisition L.L.C.,0021004817,AD,Active,2033-06-14
T060430151,https://wireless2.fcc.gov/UlsApp/UlsSearch/license.jsp?licKey=3453858,Gamma Acquisition L.L.C.,0021004817,AD,Active,2033-06-14
T060430152,https://wireless2.fcc.gov/UlsApp/UlsSearch/license.jsp?licKey=3453860,Gamma Acquisition L.L.C.,0021004817,AD,Active,2033-06-14
T060430153,https://wireless2.fcc.gov/UlsApp/UlsSearch/license.jsp?licKey=3453862,Gamma Acquisition L.L.C.,0021004817,AD,Active,2033-06-14
T060430154,https://wireless2.fcc.gov/UlsApp/UlsSearch/license.jsp?licKey=3453864,Gamma Acquisition L.L.C.,0021004817,AD,Active,2033-06-14
T060430155,https://wireless2.fcc.gov/UlsApp/UlsSearch/license.jsp?licKey=3453866,Gamma Acquisition L.L.C.,0021004817,AD,Active,2033-06-14
T060430156,https://wireless2.fcc.gov/UlsApp/UlsSearch/license.jsp?licKey=3453868,Gamma Acquisition L.L.C.,0021004817,AD,Active,2033-06-14
T060430157,https://wireless2.fcc.gov/UlsApp/UlsSearch/license.jsp?licKey=3453870,Gamma Acquisition L.L.C.,0021004817,AD,Active,2033-06-14
T060430158,https://wireless2.fcc.gov/UlsApp/UlsSearch/license.jsp?licKey=3453872,Gamma Acquisition L.L.C.,0021004817,AD,Active,2033-06-14
T060430159,https://wireless2.fcc.gov/UlsApp/UlsSearch/license.jsp?licKey=3453874,Gamma Acquisition L.L.C.,0021004817,AD,Active,2033-06-14
T060430160,https://wireless2.fcc.gov/UlsApp/UlsSearch/license.jsp?licKey=3453876,Gamma Acquisition L.L.C.,0021004817,AD,Active,2033-06-14
T060430161,https://wireless2.fcc.gov/UlsApp/UlsSearch/license.jsp?licKey=3453878,Gamma Acquisition L.L.C.,0021004817,AD,Active,2033-06-14
T060430162,https://wireless2.fcc.gov/UlsApp/UlsSearch/license.jsp?licKey=3453880,Gamma Acquisition L.L.C.,0021004817,AD,Active,2033-06-14
T060430163,https://wireless2.fcc.gov/UlsApp/UlsSearch/license.jsp?licKey=3453882,Gamma Acquisition L.L.C.,0021004817,AD,Active,2033-06-14
T060430164,https://wireless2.fcc.gov/UlsApp/UlsSearch/license.jsp?licKey=3453884,Gamma Acquisition L.L.C.,0021004817,AD,Active,2033-06-14
T060430165,https://wireless2.fcc.gov/UlsApp/UlsSearch/license.jsp?licKey=3453886,Gamma Acquisition L.L.C.,0021004817,AD,Active,2033-06-14
T060430166,https://wireless2.fcc.gov/UlsApp/UlsSearch/license.jsp?licKey=3453888,Gamma Acquisition L.L.C.,0021004817,AD,Active,2033-06-14
T060430167,https://wireless2.fcc.gov/UlsApp/UlsSearch/license.jsp?licKey=3453890,Gamma Acquisition L.L.C.,0021004817,AD,Active,2033-06-14
T060430168,https://wireless2.fcc.gov/UlsApp/UlsSearch/license.jsp?licKey=3453892,Gamma Acquisition L.L.C.,0021004817,AD,Active,2033-06-14
T060430169,https://wireless2.fcc.gov/UlsApp/UlsSearch/license.jsp?licKey=3453894,Gamma Acquisition L.L.C.,0021004817,AD,Active,2033-06-14
T060430170,https://wireless2.fcc.gov/UlsApp/UlsSearch/license.jsp?licKey=3453896,Gamma Acquisition L.L.C.,0021004817,AD,Active,2033-06-14
T060430171,https://wireless2.fcc.gov/UlsApp/UlsSearch/license.jsp?licKey=3453898,Gamma Acquisition L.L.C.,0021004817,AD,Active,2033-06-14
T060430172,https://wireless2.fcc.gov/UlsApp/UlsSearch/license.jsp?licKey=3453900,Gamma Acquisition L.L.C.,0021004817,AD,Active,2033-06-14
T060430173,https://wireless2.fcc.gov/UlsApp/UlsSearch/license.jsp?licKey=3453902,Gamma Acquisition L.L.C.,0021004817,AD,Active,2033-06-14
T060430174,https://wireless2.fcc.gov/UlsApp/UlsSearch/license.jsp?licKey=3453904,Liberty Mobile Puerto Rico Inc.,0003473709,AD,Active,2033-06-14
T060430175,https://wireless2.fcc.gov/UlsApp/UlsSearch/license.jsp?licKey=3453906,Gamma Acquisition L.L.C.,0021004817,AD,Active,2033-06-14
T060430176,https://wireless2.fcc.gov/UlsApp/UlsSearch/license.jsp?licKey=3453908,Gamma Acquisition L.L.C.,0021004817,AD,Active,2033-06-14
T070272001,https://wireless2.fcc.gov/UlsApp/UlsSearch/license.jsp?licKey=3453559,DBSD Corporation,0026092031,AD,Active,2033-06-14
T070272002,https://wireless2.fcc.gov/UlsApp/UlsSearch/license.jsp?licKey=3453561,DBSD Corporation,0026092031,AD,Active,2033-06-14
T070272003,https://wireless2.fcc.gov/UlsApp/UlsSearch/license.jsp?licKey=3453563,DBSD Corporation,0026092031,AD,Active,2033-06-14
T070272004,https://wireless2.fcc.gov/UlsApp/UlsSearch/license.jsp?licKey=3453565,DBSD Corporation,0026092031,AD,Active,2033-06-14
T070272005,https://wireless2.fcc.gov/UlsApp/UlsSearch/license.jsp?licKey=3453567,DBSD Corporation,0026092031,AD,Active,2033-06-14
T070272006,https://wireless2.fcc.gov/UlsApp/UlsSearch/license.jsp?licKey=3453569,DBSD Corporation,0026092031,AD,Active,2033-06-14
T070272007,https://wireless2.fcc.gov/UlsApp/UlsSearch/license.jsp?licKey=3453571,DBSD Corporation,0026092031,AD,Active,2033-06-14
T070272008,https://wireless2.fcc.gov/UlsApp/UlsSearch/license.jsp?licKey=3453573,DBSD Corporation,0026092031,AD,Active,2033-06-14
T070272009,https://wireless2.fcc.gov/UlsApp/UlsSearch/license.jsp?licKey=3453575,DBSD Corporation,0026092031,AD,Active,2033-06-14
T070272010,https://wireless2.fcc.gov/UlsApp/UlsSearch/license.jsp?licKey=3453577,DBSD Corporation,0026092031,AD,Active,2033-06-14
T070272011,https://wireless2.fcc.gov/UlsApp/UlsSearch/license.jsp?licKey=3453579,DBSD Corporation,0026092031,AD,Active,2033-06-14
T070272012,https://wireless2.fcc.gov/UlsApp/UlsSearch/license.jsp?licKey=3453581,DBSD Corporation,0026092031,AD,Active,2033-06-14
T070272013,https://wireless2.fcc.gov/UlsApp/UlsSearch/license.jsp?licKey=3453583,DBSD Corporation,0026092031,AD,Active,2033-06-14
T070272014,https://wireless2.fcc.gov/UlsApp/UlsSearch/license.jsp?licKey=3453585,DBSD Corporation,0026092031,AD,Active,2033-06-14
T070272015,https://wireless2.fcc.gov/UlsApp/UlsSearch/license.jsp?licKey=3453587,DBSD Corporation,0026092031,AD,Active,2033-06-14
T070272016,https://wireless2.fcc.gov/UlsApp/UlsSearch/license.jsp?licKey=3453589,DBSD Corporation,0026092031,AD,Active,2033-06-14
T070272017,https://wireless2.fcc.gov/UlsApp/UlsSearch/license.jsp?licKey=3453591,DBSD Corporation,0026092031,AD,Active,2033-06-14
T070272018,https://wireless2.fcc.gov/UlsApp/UlsSearch/license.jsp?licKey=3453593,DBSD Corporation,0026092031,AD,Active,2033-06-14
T070272019,https://wireless2.fcc.gov/UlsApp/UlsSearch/license.jsp?licKey=3453595,DBSD Corporation,0026092031,AD,Active,2033-06-14
T070272020,https://wireless2.fcc.gov/UlsApp/UlsSearch/license.jsp?licKey=3453597,DBSD Corporation,0026092031,AD,Active,2033-06-14
T070272021,https://wireless2.fcc.gov/UlsApp/UlsSearch/license.jsp?licKey=3453599,DBSD Corporation,0026092031,AD,Active,2033-06-14
T070272022,https://wireless2.fcc.gov/UlsApp/UlsSearch/license.jsp?licKey=3453601,DBSD Corporation,0026092031,AD,Active,2033-06-14
T070272023,https://wireless2.fcc.gov/UlsApp/UlsSearch/license.jsp?licKey=3453603,DBSD Corporation,0026092031,AD,Active,2033-06-14
T070272024,https://wireless2.fcc.gov/UlsApp/UlsSearch/license.jsp?licKey=3453605,DBSD Corporation,0026092031,AD,Active,2033-06-14
T070272025,https://wireless2.fcc.gov/UlsApp/UlsSearch/license.jsp?licKey=3453607,DBSD Corporation,0026092031,AD,Active,2033-06-14
T070272026,https://wireless2.fcc.gov/UlsApp/UlsSearch/license.jsp?licKey=3453609,DBSD Corporation,0026092031,AD,Active,2033-06-14
T070272027,https://wireless2.fcc.gov/UlsApp/UlsSearch/license.jsp?licKey=3453611,DBSD Corporation,0026092031,AD,Active,2033-06-14
T070272028,https://wireless2.fcc.gov/UlsApp/UlsSearch/license.jsp?licKey=3453613,DBSD Corporation,0026092031,AD,Active,2033-06-14
T070272029,https://wireless2.fcc.gov/UlsApp/UlsSearch/license.jsp?licKey=3453615,DBSD Corporation,0026092031,AD,Active,2033-06-14
T070272030,https://wireless2.fcc.gov/UlsApp/UlsSearch/license.jsp?licKey=3453617,DBSD Corporation,0026092031,AD,Active,2033-06-14
T070272031,https://wireless2.fcc.gov/UlsApp/UlsSearch/license.jsp?licKey=3453619,DBSD Corporation,0026092031,AD,Active,2033-06-14
T070272032,https://wireless2.fcc.gov/UlsApp/UlsSearch/license.jsp?licKey=3453621,DBSD Corporation,0026092031,AD,Active,2033-06-14
T070272033,https://wireless2.fcc.gov/UlsApp/UlsSearch/license.jsp?licKey=3453623,DBSD Corporation,0026092031,AD,Active,2033-06-14
T070272034,https://wireless2.fcc.gov/UlsApp/UlsSearch/license.jsp?licKey=3453625,DBSD Corporation,0026092031,AD,Active,2033-06-14
T070272035,https://wireless2.fcc.gov/UlsApp/UlsSearch/license.jsp?licKey=3453627,DBSD Corporation,0026092031,AD,Active,2033-06-14
T070272036,https://wireless2.fcc.gov/UlsApp/UlsSearch/license.jsp?licKey=3453629,DBSD Corporation,0026092031,AD,Active,2033-06-14
T070272037,https://wireless2.fcc.gov/UlsApp/UlsSearch/license.jsp?licKey=3453631,DBSD Corporation,0026092031,AD,Active,2033-06-14
T070272038,https://wireless2.fcc.gov/UlsApp/UlsSearch/license.jsp?licKey=3453633,DBSD Corporation,0026092031,AD,Active,2033-06-14
T070272039,https://wireless2.fcc.gov/UlsApp/UlsSearch/license.jsp?licKey=3453635,DBSD Corporation,0026092031,AD,Active,2033-06-14
T070272040,https://wireless2.fcc.gov/UlsApp/UlsSearch/license.jsp?licKey=3453637,DBSD Corporation,0026092031,AD,Active,2033-06-14
T070272041,https://wireless2.fcc.gov/UlsApp/UlsSearch/license.jsp?licKey=3453639,DBSD Corporation,0026092031,AD,Active,2033-06-14
T070272042,https://wireless2.fcc.gov/UlsApp/UlsSearch/license.jsp?licKey=3453641,DBSD Corporation,0026092031,AD,Active,2033-06-14
T070272043,https://wireless2.fcc.gov/UlsApp/UlsSearch/license.jsp?licKey=3453643,DBSD Corporation,0026092031,AD,Active,2033-06-14
T070272044,https://wireless2.fcc.gov/UlsApp/UlsSearch/license.jsp?licKey=3453645,DBSD Corporation,0026092031,AD,Active,2033-06-14
T070272045,https://wireless2.fcc.gov/UlsApp/UlsSearch/license.jsp?licKey=3453647,DBSD Corporation,0026092031,AD,Active,2033-06-14
T070272046,https://wireless2.fcc.gov/UlsApp/UlsSearch/license.jsp?licKey=3453649,DBSD Corporation,0026092031,AD,Active,2033-06-14
T070272047,https://wireless2.fcc.gov/UlsApp/UlsSearch/license.jsp?licKey=3453651,DBSD Corporation,0026092031,AD,Active,2033-06-14
T070272048,https://wireless2.fcc.gov/UlsApp/UlsSearch/license.jsp?licKey=3453653,DBSD Corporation,0026092031,AD,Active,2033-06-14
T070272049,https://wireless2.fcc.gov/UlsApp/UlsSearch/license.jsp?licKey=3453655,DBSD Corporation,0026092031,AD,Active,2033-06-14
T070272050,https://wireless2.fcc.gov/UlsApp/UlsSearch/license.jsp?licKey=3453657,DBSD Corporation,0026092031,AD,Active,2033-06-14
T070272051,https://wireless2.fcc.gov/UlsApp/UlsSearch/license.jsp?licKey=3453659,DBSD Corporation,0026092031,AD,Active,2033-06-14
T070272052,https://wireless2.fcc.gov/UlsApp/UlsSearch/license.jsp?licKey=3453661,DBSD Corporation,0026092031,AD,Active,2033-06-14
T070272053,https://wireless2.fcc.gov/UlsApp/UlsSearch/license.jsp?licKey=3453663,DBSD Corporation,0026092031,AD,Active,2033-06-14
T070272054,https://wireless2.fcc.gov/UlsApp/UlsSearch/license.jsp?licKey=3453665,DBSD Corporation,0026092031,AD,Active,2033-06-14
T070272055,https://wireless2.fcc.gov/UlsApp/UlsSearch/license.jsp?licKey=3453667,DBSD Corporation,0026092031,AD,Active,2033-06-14
T070272056,https://wireless2.fcc.gov/UlsApp/UlsSearch/license.jsp?licKey=3453669,DBSD Corporation,0026092031,AD,Active,2033-06-14
T070272057,https://wireless2.fcc.gov/UlsApp/UlsSearch/license.jsp?licKey=3453671,DBSD Corporation,0026092031,AD,Active,2033-06-14
T070272058,https://wireless2.fcc.gov/UlsApp/UlsSearch/license.jsp?licKey=3453673,DBSD Corporation,0026092031,AD,Active,2033-06-14
T070272059,https://wireless2.fcc.gov/UlsApp/UlsSearch/license.jsp?licKey=3453675,DBSD Corporation,0026092031,AD,Active,2033-06-14
T070272060,https://wireless2.fcc.gov/UlsApp/UlsSearch/license.jsp?licKey=3453677,DBSD Corporation,0026092031,AD,Active,2033-06-14
T070272061,https://wireless2.fcc.gov/UlsApp/UlsSearch/license.jsp?licKey=3453679,DBSD Corporation,0026092031,AD,Active,2033-06-14
T070272062,https://wireless2.fcc.gov/UlsApp/UlsSearch/license.jsp?licKey=3453681,DBSD Corporation,0026092031,AD,Active,2033-06-14
T070272063,https://wireless2.fcc.gov/UlsApp/UlsSearch/license.jsp?licKey=3453683,DBSD Corporation,0026092031,AD,Active,2033-06-14
T070272064,https://wireless2.fcc.gov/UlsApp/UlsSearch/license.jsp?licKey=3453685,DBSD Corporation,0026092031,AD,Active,2033-06-14
T070272065,https://wireless2.fcc.gov/UlsApp/UlsSearch/license.jsp?licKey=3453687,DBSD Corporation,0026092031,AD,Active,2033-06-14
T070272066,https://wireless2.fcc.gov/UlsApp/UlsSearch/license.jsp?licKey=3453689,DBSD Corporation,0026092031,AD,Active,2033-06-14
T070272067,https://wireless2.fcc.gov/UlsApp/UlsSearch/license.jsp?licKey=3453691,DBSD Corporation,0026092031,AD,Active,2033-06-14
T070272068,https://wireless2.fcc.gov/UlsApp/UlsSearch/license.jsp?licKey=3453693,DBSD Corporation,0026092031,AD,Active,2033-06-14
T070272069,https://wireless2.fcc.gov/UlsApp/UlsSearch/license.jsp?licKey=3453695,DBSD Corporation,0026092031,AD,Active,2033-06-14
T070272070,https://wireless2.fcc.gov/UlsApp/UlsSearch/license.jsp?licKey=3453697,DBSD Corporation,0026092031,AD,Active,2033-06-14
T070272071,https://wireless2.fcc.gov/UlsApp/UlsSearch/license.jsp?licKey=3453699,DBSD Corporation,0026092031,AD,Active,2033-06-14
T070272072,https://wireless2.fcc.gov/UlsApp/UlsSearch/license.jsp?licKey=3453701,DBSD Corporation,0026092031,AD,Active,2033-06-14
T070272073,https://wireless2.fcc.gov/UlsApp/UlsSearch/license.jsp?licKey=3453703,DBSD Corporation,0026092031,AD,Active,2033-06-14
T070272074,https://wireless2.fcc.gov/UlsApp/UlsSearch/license.jsp?licKey=3453705,DBSD Corporation,0026092031,AD,Active,2033-06-14
T070272075,https://wireless2.fcc.gov/UlsApp/UlsSearch/license.jsp?licKey=3453707,DBSD Corporation,0026092031,AD,Active,2033-06-14
T070272076,https://wireless2.fcc.gov/UlsApp/UlsSearch/license.jsp?licKey=3453709,DBSD Corporation,0026092031,AD,Active,2033-06-14
T070272077,https://wireless2.fcc.gov/UlsApp/UlsSearch/license.jsp?licKey=3453711,DBSD Corporation,0026092031,AD,Active,2033-06-14
T070272078,https://wireless2.fcc.gov/UlsApp/UlsSearch/license.jsp?licKey=3453713,DBSD Corporation,0026092031,AD,Active,2033-06-14
T070272079,https://wireless2.fcc.gov/UlsApp/UlsSearch/license.jsp?licKey=3453715,DBSD Corporation,0026092031,AD,Active,2033-06-14
T070272080,https://wireless2.fcc.gov/UlsApp/UlsSearch/license.jsp?licKey=3453717,DBSD Corporation,0026092031,AD,Active,2033-06-14
T070272081,https://wireless2.fcc.gov/UlsApp/UlsSearch/license.jsp?licKey=3453719,DBSD Corporation,0026092031,AD,Active,2033-06-14
T070272082,https://wireless2.fcc.gov/UlsApp/UlsSearch/license.jsp?licKey=3453721,DBSD Corporation,0026092031,AD,Active,2033-06-14
T070272083,https://wireless2.fcc.gov/UlsApp/UlsSearch/license.jsp?licKey=3453723,DBSD Corporation,0026092031,AD,Active,2033-06-14
T070272084,https://wireless2.fcc.gov/UlsApp/UlsSearch/license.jsp?licKey=3453725,DBSD Corporation,0026092031,AD,Active,2033-06-14
T070272085,https://wireless2.fcc.gov/UlsApp/UlsSearch/license.jsp?licKey=3453727,DBSD Corporation,0026092031,AD,Active,2033-06-14
T070272086,https://wireless2.fcc.gov/UlsApp/UlsSearch/license.jsp?licKey=3453729,DBSD Corporation,0026092031,AD,Active,2033-06-14
T070272087,https://wireless2.fcc.gov/UlsApp/UlsSearch/license.jsp?licKey=3453731,DBSD Corporation,0026092031,AD,Active,2033-06-14
T070272088,https://wireless2.fcc.gov/UlsApp/UlsSearch/license.jsp?licKey=3453733,DBSD Corporation,0026092031,AD,Active,2033-06-14
T070272089,https://wireless2.fcc.gov/UlsApp/UlsSearch/license.jsp?licKey=3453735,DBSD Corporation,0026092031,AD,Active,2033-06-14
T070272090,https://wireless2.fcc.gov/UlsApp/UlsSearch/license.jsp?licKey=3453737,DBSD Corporation,0026092031,AD,Active,2033-06-14
T070272091,https://wireless2.fcc.gov/UlsApp/UlsSearch/license.jsp?licKey=3453739,DBSD Corporation,0026092031,AD,Active,2033-06-14
T070272092,https://wireless2.fcc.gov/UlsApp/UlsSearch/license.jsp?licKey=3453741,DBSD Corporation,0026092031,AD,Active,2033-06-14
T070272093,https://wireless2.fcc.gov/UlsApp/UlsSearch/license.jsp?licKey=3453743,DBSD Corporation,0026092031,AD,Active,2033-06-14
T070272094,https://wireless2.fcc.gov/UlsApp/UlsSearch/license.jsp?licKey=3453745,DBSD Corporation,0026092031,AD,Active,2033-06-14
T070272095,https://wireless2.fcc.gov/UlsApp/UlsSearch/license.jsp?licKey=3453747,DBSD Corporation,0026092031,AD,Active,2033-06-14
T070272096,https://wireless2.fcc.gov/UlsApp/UlsSearch/license.jsp?licKey=3453749,DBSD Corporation,0026092031,AD,Active,2033-06-14
T070272097,https://wireless2.fcc.gov/UlsApp/UlsSearch/license.jsp?licKey=3453751,DBSD Corporation,0026092031,AD,Active,2033-06-14
T070272098,https://wireless2.fcc.gov/UlsApp/UlsSearch/license.jsp?licKey=3453753,DBSD Corporation,0026092031,AD,Active,2033-06-14
T070272099,https://wireless2.fcc.gov/UlsApp/UlsSearch/license.jsp?licKey=3453755,DBSD Corporation,0026092031,AD,Active,2033-06-14
T070272100,https://wireless2.fcc.gov/UlsApp/UlsSearch/license.jsp?licKey=3453757,DBSD Corporation,0026092031,AD,Active,2033-06-14
T070272101,https://wireless2.fcc.gov/UlsApp/UlsSearch/license.jsp?licKey=3453759,DBSD Corporation,0026092031,AD,Active,2033-06-14
T070272102,https://wireless2.fcc.gov/UlsApp/UlsSearch/license.jsp?licKey=3453761,DBSD Corporation,0026092031,AD,Active,2033-06-14
T070272103,https://wireless2.fcc.gov/UlsApp/UlsSearch/license.jsp?licKey=3453763,DBSD Corporation,0026092031,AD,Active,2033-06-14
T070272104,https://wireless2.fcc.gov/UlsApp/UlsSearch/license.jsp?licKey=3453765,DBSD Corporation,0026092031,AD,Active,2033-06-14
T070272105,https://wireless2.fcc.gov/UlsApp/UlsSearch/license.jsp?licKey=3453767,DBSD Corporation,0026092031,AD,Active,2033-06-14
T070272106,https://wireless2.fcc.gov/UlsApp/UlsSearch/license.jsp?licKey=3453769,DBSD Corporation,0026092031,AD,Active,2033-06-14
T070272107,https://wireless2.fcc.gov/UlsApp/UlsSearch/license.jsp?licKey=3453771,DBSD Corporation,0026092031,AD,Active,2033-06-14
T070272108,https://wireless2.fcc.gov/UlsApp/UlsSearch/license.jsp?licKey=3453773,DBSD Corporation,0026092031,AD,Active,2033-06-14
T070272109,https://wireless2.fcc.gov/UlsApp/UlsSearch/license.jsp?licKey=3453775,DBSD Corporation,0026092031,AD,Active,2033-06-14
T070272110,https://wireless2.fcc.gov/UlsApp/UlsSearch/license.jsp?licKey=3453777,DBSD Corporation,0026092031,AD,Active,2033-06-14
T070272111,https://wireless2.fcc.gov/UlsApp/UlsSearch/license.jsp?licKey=3453779,DBSD Corporation,0026092031,AD,Active,2033-06-14
T070272112,https://wireless2.fcc.gov/UlsApp/UlsSearch/license.jsp?licKey=3453781,DBSD Corporation,0026092031,AD,Active,2033-06-14
T070272113,https://wireless2.fcc.gov/UlsApp/UlsSearch/license.jsp?licKey=3453783,DBSD Corporation,0026092031,AD,Active,2033-06-14
T070272114,https://wireless2.fcc.gov/UlsApp/UlsSearch/license.jsp?licKey=3453785,DBSD Corporation,0026092031,AD,Active,2033-06-14
T070272115,https://wireless2.fcc.gov/UlsApp/UlsSearch/license.jsp?licKey=3453787,DBSD Corporation,0026092031,AD,Active,2033-06-14
T070272116,https://wireless2.fcc.gov/UlsApp/UlsSearch/license.jsp?licKey=3453789,DBSD Corporation,0026092031,AD,Active,2033-06-14
T070272117,https://wireless2.fcc.gov/UlsApp/UlsSearch/license.jsp?licKey=3453791,DBSD Corporation,0026092031,AD,Active,2033-06-14
T070272118,https://wireless2.fcc.gov/UlsApp/UlsSearch/license.jsp?licKey=3453793,DBSD Corporation,0026092031,AD,Active,2033-06-14
T070272119,https://wireless2.fcc.gov/UlsApp/UlsSearch/license.jsp?licKey=3453795,DBSD Corporation,0026092031,AD,Active,2033-06-14
T070272120,https://wireless2.fcc.gov/UlsApp/UlsSearch/license.jsp?licKey=3453797,DBSD Corporation,0026092031,AD,Active,2033-06-14
T070272121,https://wireless2.fcc.gov/UlsApp/UlsSearch/license.jsp?licKey=3453799,DBSD Corporation,0026092031,AD,Active,2033-06-14
T070272122,https://wireless2.fcc.gov/UlsApp/UlsSearch/license.jsp?licKey=3453801,DBSD Corporation,0026092031,AD,Active,2033-06-14
T070272123,https://wireless2.fcc.gov/UlsApp/UlsSearch/license.jsp?licKey=3453803,DBSD Corporation,0026092031,AD,Active,2033-06-14
T070272124,https://wireless2.fcc.gov/UlsApp/UlsSearch/license.jsp?licKey=3453805,DBSD Corporation,0026092031,AD,Active,2033-06-14
T070272125,https://wireless2.fcc.gov/UlsApp/UlsSearch/license.jsp?licKey=3453807,DBSD Corporation,0026092031,AD,Active,2033-06-14
T070272126,https://wireless2.fcc.gov/UlsApp/UlsSearch/license.jsp?licKey=3453809,DBSD Corporation,0026092031,AD,Active,2033-06-14
T070272127,https://wireless2.fcc.gov/UlsApp/UlsSearch/license.jsp?licKey=3453811,DBSD Corporation,0026092031,AD,Active,2033-06-14
T070272128,https://wireless2.fcc.gov/UlsApp/UlsSearch/license.jsp?licKey=3453813,DBSD Corporation,0026092031,AD,Active,2033-06-14
T070272129,https://wireless2.fcc.gov/UlsApp/UlsSearch/license.jsp?licKey=3453815,DBSD Corporation,0026092031,AD,Active,2033-06-14
T070272130,https://wireless2.fcc.gov/UlsApp/UlsSearch/license.jsp?licKey=3453817,DBSD Corporation,0026092031,AD,Active,2033-06-14
T070272131,https://wireless2.fcc.gov/UlsApp/UlsSearch/license.jsp?licKey=3453819,DBSD Corporation,0026092031,AD,Active,2033-06-14
T070272132,https://wireless2.fcc.gov/UlsApp/UlsSearch/license.jsp?licKey=3453821,DBSD Corporation,0026092031,AD,Active,2033-06-14
T070272133,https://wireless2.fcc.gov/UlsApp/UlsSearch/license.jsp?licKey=3453823,DBSD Corporation,0026092031,AD,Active,2033-06-14
T070272134,https://wireless2.fcc.gov/UlsApp/UlsSearch/license.jsp?licKey=3453825,DBSD Corporation,0026092031,AD,Active,2033-06-14
T070272135,https://wireless2.fcc.gov/UlsApp/UlsSearch/license.jsp?licKey=3453827,DBSD Corporation,0026092031,AD,Active,2033-06-14
T070272136,https://wireless2.fcc.gov/UlsApp/UlsSearch/license.jsp?licKey=3453829,DBSD Corporation,0026092031,AD,Active,2033-06-14
T070272137,https://wireless2.fcc.gov/UlsApp/UlsSearch/license.jsp?licKey=3453831,DBSD Corporation,0026092031,AD,Active,2033-06-14
T070272138,https://wireless2.fcc.gov/UlsApp/UlsSearch/license.jsp?licKey=3453833,DBSD Corporation,0026092031,AD,Active,2033-06-14
T070272139,https://wireless2.fcc.gov/UlsApp/UlsSearch/license.jsp?licKey=3453835,DBSD Corporation,0026092031,AD,Active,2033-06-14
T070272140,https://wireless2.fcc.gov/UlsApp/UlsSearch/license.jsp?licKey=3453837,DBSD Corporation,0026092031,AD,Active,2033-06-14
T070272141,https://wireless2.fcc.gov/UlsApp/UlsSearch/license.jsp?licKey=3453839,DBSD Corporation,0026092031,AD,Active,2033-06-14
T070272142,https://wireless2.fcc.gov/UlsApp/UlsSearch/license.jsp?licKey=3453841,DBSD Corporation,0026092031,AD,Active,2033-06-14
T070272143,https://wireless2.fcc.gov/UlsApp/UlsSearch/license.jsp?licKey=3453843,DBSD Corporation,0026092031,AD,Active,2033-06-14
T070272144,https://wireless2.fcc.gov/UlsApp/UlsSearch/license.jsp?licKey=3453845,DBSD Corporation,0026092031,AD,Active,2033-06-14
T070272145,https://wireless2.fcc.gov/UlsApp/UlsSearch/license.jsp?licKey=3453847,DBSD Corporation,0026092031,AD,Active,2033-06-14
T070272146,https://wireless2.fcc.gov/UlsApp/UlsSearch/license.jsp?licKey=3453849,DBSD Corporation,0026092031,AD,Active,2033-06-14
T070272147,https://wireless2.fcc.gov/UlsApp/UlsSearch/license.jsp?licKey=3453851,DBSD Corporation,0026092031,AD,Active,2033-06-14
T070272148,https://wireless2.fcc.gov/UlsApp/UlsSearch/license.jsp?licKey=3453853,DBSD Corporation,0026092031,AD,Active,2033-06-14
T070272149,https://wireless2.fcc.gov/UlsApp/UlsSearch/license.jsp?licKey=3453855,DBSD Corporation,0026092031,AD,Active,2033-06-14
T070272150,https://wireless2.fcc.gov/UlsApp/UlsSearch/license.jsp?licKey=3453857,DBSD Corporation,0026092031,AD,Active,2033-06-14
T070272151,https://wireless2.fcc.gov/UlsApp/UlsSearch/license.jsp?licKey=3453859,DBSD Corporation,0026092031,AD,Active,2033-06-14
T070272152,https://wireless2.fcc.gov/UlsApp/UlsSearch/license.jsp?licKey=3453861,DBSD Corporation,0026092031,AD,Active,2033-06-14
T070272153,https://wireless2.fcc.gov/UlsApp/UlsSearch/license.jsp?licKey=3453863,DBSD Corporation,0026092031,AD,Active,2033-06-14
T070272154,https://wireless2.fcc.gov/UlsApp/UlsSearch/license.jsp?licKey=3453865,DBSD Corporation,0026092031,AD,Active,2033-06-14
T070272155,https://wireless2.fcc.gov/UlsApp/UlsSearch/license.jsp?licKey=3453867,DBSD Corporation,0026092031,AD,Active,2033-06-14
T070272156,https://wireless2.fcc.gov/UlsApp/UlsSearch/license.jsp?licKey=3453869,DBSD Corporation,0026092031,AD,Active,2033-06-14
T070272157,https://wireless2.fcc.gov/UlsApp/UlsSearch/license.jsp?licKey=3453871,DBSD Corporation,0026092031,AD,Active,2033-06-14
T070272158,https://wireless2.fcc.gov/UlsApp/UlsSearch/license.jsp?licKey=3453873,DBSD Corporation,0026092031,AD,Active,2033-06-14
T070272159,https://wireless2.fcc.gov/UlsApp/UlsSearch/license.jsp?licKey=3453875,DBSD Corporation,0026092031,AD,Active,2033-06-14
T070272160,https://wireless2.fcc.gov/UlsApp/UlsSearch/license.jsp?licKey=3453877,DBSD Corporation,0026092031,AD,Active,2033-06-14
T070272161,https://wireless2.fcc.gov/UlsApp/UlsSearch/license.jsp?licKey=3453879,DBSD Corporation,0026092031,AD,Active,2033-06-14
T070272162,https://wireless2.fcc.gov/UlsApp/UlsSearch/license.jsp?licKey=3453881,DBSD Corporation,0026092031,AD,Active,2033-06-14
T070272163,https://wireless2.fcc.gov/UlsApp/UlsSearch/license.jsp?licKey=3453883,DBSD Corporation,0026092031,AD,Active,2033-06-14
T070272164,https://wireless2.fcc.gov/UlsApp/UlsSearch/license.jsp?licKey=3453885,DBSD Corporation,0026092031,AD,Active,2033-06-14
T070272165,https://wireless2.fcc.gov/UlsApp/UlsSearch/license.jsp?licKey=3453887,DBSD Corporation,0026092031,AD,Active,2033-06-14
T070272166,https://wireless2.fcc.gov/UlsApp/UlsSearch/license.jsp?licKey=3453889,DBSD Corporation,0026092031,AD,Active,2033-06-14
T070272167,https://wireless2.fcc.gov/UlsApp/UlsSearch/license.jsp?licKey=3453891,DBSD Corporation,0026092031,AD,Active,2033-06-14
T070272168,https://wireless2.fcc.gov/UlsApp/UlsSearch/license.jsp?licKey=3453893,DBSD Corporation,0026092031,AD,Active,2033-06-14
T070272169,https://wireless2.fcc.gov/UlsApp/UlsSearch/license.jsp?licKey=3453895,DBSD Corporation,0026092031,AD,Active,2033-06-14
T070272170,https://wireless2.fcc.gov/UlsApp/UlsSearch/license.jsp?licKey=3453897,DBSD Corporation,0026092031,AD,Active,2033-06-14
T070272171,https://wireless2.fcc.gov/UlsApp/UlsSearch/license.jsp?licKey=3453899,DBSD Corporation,0026092031,AD,Active,2033-06-14
T070272172,https://wireless2.fcc.gov/UlsApp/UlsSearch/license.jsp?licKey=3453901,DBSD Corporation,0026092031,AD,Active,2033-06-14
T070272173,https://wireless2.fcc.gov/UlsApp/UlsSearch/license.jsp?licKey=3453903,DBSD Corporation,0026092031,AD,Active,2033-06-14
T070272174,https://wireless2.fcc.gov/UlsApp/UlsSearch/license.jsp?licKey=3453905,Liberty Mobile Puerto Rico Inc.,0003473709,AD,Active,2033-06-14
T070272175,https://wireless2.fcc.gov/UlsApp/UlsSearch/license.jsp?licKey=3453907,DBSD Corporation,0026092031,AD,Active,2033-06-14
T070272176,https://wireless2.fcc.gov/UlsApp/UlsSearch/license.jsp?licKey=3453909,DBSD Corporation,0026092031,AD,Active,2033-06-14
